<?xml version="1.0"?>
<ruleset name="Laravel">
    <autoload>./vendor/autoload.php</autoload>
    <description>Laravel extensions code standard.</description>
    <arg name="tab-width" value="4"/>
    <rule ref="PSR2"/>
    <rule ref="PSR2.ControlStructures.ElseIfDeclaration.NotAllowed">
        <severity>0</severity>
    </rule>
    <rule ref="PSR2.Classes.PropertyDeclaration.Underscore">
        <severity>0</severity>
    </rule>
    <rule ref="PSR2.Methods.MethodDeclaration.Underscore">
        <severity>0</severity>
    </rule>
    <rule ref="PSR1.Methods.CamelCapsMethodName">
        <severity>0</severity>
    </rule>
    <rule ref="Generic.Files.LineLength">
        <severity>0</severity>
    </rule>
    <rule ref="Generic.Files.LineEndings">
        <properties>
            <property name="eolChar" value="\n"/>
        </properties>
    </rule>
    <rule ref="Generic.Files.LineLength">
        <properties>
            <property name="lineLimit" value="1024"/>
            <property name="absoluteLineLimit" value="0"/>
        </properties>
    </rule>
    <rule ref="Squiz.WhiteSpace.SuperfluousWhitespace">
        <properties>
            <property name="ignoreBlankLines" value="true"/>
        </properties>
    </rule>
    <rule ref="Squiz.WhiteSpace.SuperfluousWhitespace.StartFile">
        <severity>0</severity>
    </rule>
    <rule ref="Squiz.WhiteSpace.SuperfluousWhitespace.EndFile">
        <severity>0</severity>
    </rule>
    <rule ref="Squiz.WhiteSpace.SuperfluousWhitespace.EmptyLines">
        <severity>0</severity>
    </rule>
    <rule ref="PSR2.Classes.PropertyDeclaration">
        <severity>4</severity>
    </rule>
    <rule ref="Generic.Formatting.DisallowMultipleStatements"/>
    <rule ref="Generic.WhiteSpace.ScopeIndent">
        <properties>
            <property name="ignoreIndentationTokens" type="array">
                <element value="T_COMMENT"/>
                <element value="T_DOC_COMMENT_OPEN_TAG"/>
            </property>
        </properties>
    </rule>
    <rule ref="Generic.WhiteSpace.DisallowTabIndent"/>
    <rule ref="Generic.PHP.LowerCaseKeyword"/>
    <rule ref="Generic.PHP.LowerCaseConstant"/>
    <rule ref="Squiz.Scope.MethodScope"/>
    <rule ref="Squiz.WhiteSpace.ScopeKeywordSpacing"/>
    <rule ref="Squiz.Functions.FunctionDeclaration"/>
    <rule ref="Squiz.Functions.LowercaseFunctionKeywords"/>
    <rule ref="Squiz.Functions.FunctionDeclarationArgumentSpacing">
        <properties>
            <property name="equalsSpacing" value="1"/>
        </properties>
    </rule>
    <rule ref="Squiz.Functions.FunctionDeclarationArgumentSpacing.SpacingAfterHint">
        <severity>0</severity>
    </rule>
    <rule ref="PEAR.Functions.ValidDefaultValue"/>
    <rule ref="Squiz.Functions.MultiLineFunctionDeclaration"/>
    <rule ref="Generic.Functions.FunctionCallArgumentSpacing"/>
    <rule ref="PSR2.Methods.FunctionCallSignature.SpaceAfterCloseBracket">
        <severity>0</severity>
    </rule>
    <rule ref="PSR2.Methods.FunctionCallSignature.OpeningIndent">
        <severity>0</severity>
    </rule>
    <rule ref="Squiz.ControlStructures.ControlSignature"/>
    <rule ref="Squiz.WhiteSpace.ControlStructureSpacing.SpacingAfterOpen" />
    <rule ref="Squiz.WhiteSpace.ControlStructureSpacing.SpacingBeforeClose" />
    <rule ref="Squiz.WhiteSpace.ScopeClosingBrace"/>
    <rule ref="Squiz.ControlStructures.ForEachLoopDeclaration"/>
    <rule ref="Squiz.ControlStructures.ForLoopDeclaration"/>
    <rule ref="Squiz.ControlStructures.LowercaseDeclaration"/>
    <rule ref="Squiz.ControlStructures.ForEachLoopDeclaration.AsNotLower">
        <severity>0</severity>
    </rule>
    <rule ref="Generic.ControlStructures.InlineControlStructure"/>
    <file>resources</file>
    <file>src</file>
    <file>tests</file>
    <exclude-pattern>.vscode/</exclude-pattern>
    <exclude-pattern>vendor/</exclude-pattern>
    <exclude-pattern>node_modules/</exclude-pattern>
    <exclude-pattern>resources/views/</exclude-pattern>
    <exclude-pattern>resources/js/</exclude-pattern>
    <exclude-pattern>tests/migrations/</exclude-pattern>
    <arg name="report" value="full"/>
    <arg name="colors"/>
    <arg value="p"/>
</ruleset>